{
  "accuracy": 0.6580496544663424,
  "precision": 0.6711205587610082,
  "recall": 0.8972797401542834,
  "f1": 0.7678943710910354,
  "roc_auc": 0.698268304423473,
  "n_train": 15628,
  "n_test": 3907,
  "numerical_cols": [
    "Engine rpm",
    "Lub oil pressure",
    "Fuel pressure",
    "Coolant pressure",
    "lub oil temp",
    "Coolant temp"
  ],
  "categorical_cols": []
}